method,eps,sequence,rmse_truth,rmse_reference
multinomial,,0,3.489866909608553,1.5684481966845636
multinomial,,1,4.175409070887491,2.2697111919849444
multinomial,,2,3.890053411315581,0.4582228989297962
multinomial,,3,4.525794841256119,1.9420925452828144
multinomial,,4,9.707919516086074,7.390915707246938
multinomial,,5,3.3607009054574464,1.0307124232941751
multinomial,,6,4.880566523279967,1.7511916499892535
multinomial,,7,3.0361236134729097,0.9304672726260117
multinomial,,8,3.5634492012406387,1.4610185457638518
multinomial,,9,3.9923382175887543,0.7239053378602645
multinomial,,10,4.889243717466912,1.0317625231920333
multinomial,,11,3.450582795862604,0.7899814614061541
multinomial,,12,4.141479307450957,1.7866264843600697
multinomial,,13,9.052037579647466,7.401844914088055
multinomial,,14,5.288898102104318,1.7078323438211669
multinomial,,15,5.066693294205275,0.8748766952265308
multinomial,,16,5.812853465035102,1.2357191486774217
multinomial,,17,4.2062717158503204,2.019680541307252
multinomial,,18,10.190287573229991,6.709583306394621
multinomial,,19,4.103956027774142,2.9789498019190113
multinomial,,20,3.99490960924362,1.2283912124636094
multinomial,,21,2.9893462080691444,0.9522862292777703
multinomial,,22,3.8783898866840505,0.864012005335421
multinomial,,23,3.5174045595278574,1.2773890734411335
multinomial,,24,3.838858616535302,1.4213614624637598
multinomial,,25,4.995581294110686,1.6098084254619345
multinomial,,26,4.727966311058499,2.391867421128142
multinomial,,27,4.602980339670663,1.910286994745636
multinomial,,28,5.488458483701929,2.083187024851861
multinomial,,29,3.972800382875274,1.4228014699498706
multinomial,,30,6.50362268236136,2.1446522753637227
multinomial,,31,4.45791639190291,1.134397705280879
multinomial,,32,4.276625861066533,1.096275967037761
multinomial,,33,3.9724167166564164,1.3387572895271094
multinomial,,34,5.900980223798469,2.6695049365421246
multinomial,,35,7.010804092821061,2.466724511431445
multinomial,,36,5.09452157229391,1.5160872410215895
multinomial,,37,9.469879647988806,8.27205845758406
multinomial,,38,6.377924318655309,2.0734660613307176
multinomial,,39,5.979445910502813,1.4824062461152623
multinomial,,40,5.0560548875206495,1.734046611901018
multinomial,,41,4.248537504922861,0.8468886748566862
multinomial,,42,4.0720492947335725,0.7788520128767029
multinomial,,43,5.133847924633151,2.925964247525054
multinomial,,44,3.897465048235258,0.8821135100329335
multinomial,,45,9.916031001587022,7.929957040130569
multinomial,,46,3.4427426676892408,0.6986599733706014
multinomial,,47,3.917542589510676,0.921895766054189
multinomial,,48,4.071200417926346,1.1803363975622085
multinomial,,49,3.7314092083019443,0.8873968224083781
multinomial,,50,3.8127128491780415,0.950549282244748
multinomial,,51,4.3889958345592115,1.0602521176308402
multinomial,,52,5.726651256565727,1.7042682237554498
multinomial,,53,3.6837030995804887,1.2893641818217247
multinomial,,54,4.028975782127535,0.9771234944762093
multinomial,,55,4.189569037660158,1.0270822737184144
multinomial,,56,4.408835865521518,1.5583209866072285
multinomial,,57,4.586880243195606,0.7211530193528932
multinomial,,58,4.29902953430051,1.24551813155828
multinomial,,59,5.102786047211145,1.958533830666044
multinomial,,60,4.644167995612273,1.1526414818495896
multinomial,,61,4.244190980762208,1.5528299296295864
multinomial,,62,4.604205390001498,1.2052375995727906
multinomial,,63,3.5933855846700924,0.930426910235143
multinomial,,64,3.7483352883042445,0.7412689584718462
multinomial,,65,3.8039756764226444,0.9824838610095132
multinomial,,66,5.531516572325139,1.1093883717660697
multinomial,,67,4.705884513219074,3.0816984180296036
multinomial,,68,3.7692639684164315,0.9374179084029791
multinomial,,69,4.06080041364178,1.6286874265314615
multinomial,,70,4.776300720742132,1.4354137350972629
multinomial,,71,4.329262183405374,1.2455555757432524
multinomial,,72,12.02243622449848,8.785243121928698
multinomial,,73,10.00076314859457,6.923336224598633
multinomial,,74,3.9622807081548146,0.9601889662377392
multinomial,,75,6.384891602611061,2.352474498616011
multinomial,,76,3.6822396382059033,1.0275353778101666
multinomial,,77,5.315361877393701,1.2623214311045878
multinomial,,78,5.826427741402915,1.6068429879138462
multinomial,,79,4.448556510692005,1.28499374907256
multinomial,,80,4.471455659001726,0.9977198381145547
multinomial,,81,4.473902559216511,2.108276651378551
multinomial,,82,4.2484642048910874,0.7706920005912573
multinomial,,83,6.142690760702092,2.7916796520794973
multinomial,,84,5.045025332840008,0.9748243948854018
multinomial,,85,5.266719817398863,1.1842200103145926
multinomial,,86,2.5057122261994746,1.098007402182121
multinomial,,87,3.7597514328198756,1.5583453803402132
multinomial,,88,4.099673531920375,2.5000597385518217
multinomial,,89,6.65676684500851,1.5441847264474973
multinomial,,90,4.076523050865864,1.6066235000718154
multinomial,,91,6.208744952385905,4.1891005667075865
multinomial,,92,3.8391172607791098,1.3107422021383672
multinomial,,93,5.945864953379368,2.3758802955597975
multinomial,,94,5.167553392406833,2.335786220313457
multinomial,,95,3.516746648117992,0.7072112787677834
multinomial,,96,5.114216204208217,1.5841177620449094
multinomial,,97,5.719226262221275,1.0405453415792347
multinomial,,98,4.545415209656144,1.2598347663997422
multinomial,,99,5.463992209586851,1.5156117124777324
soft,,0,6.306931570819813,4.888509638890916
soft,,1,4.496222645739441,1.8563955191804629
soft,,2,4.2988929594902885,0.7012426947044131
soft,,3,4.510509689291439,1.503601926905673
soft,,4,5.427981585719302,2.300273478365079
soft,,5,3.133789644686269,1.1975787710533723
soft,,6,5.635589230546944,1.9862618614776173
soft,,7,3.8036281754141563,1.7066124708503696
soft,,8,3.955220311855876,1.7302805728426318
soft,,9,3.7714287190212334,1.0714133184015122
soft,,10,3.591121104883733,2.7738121532835986
soft,,11,4.04298517626583,1.6164677135328203
soft,,12,4.96367277746685,2.31195401605913
soft,,13,6.597757645513184,4.319089131184361
soft,,14,5.0290580795252335,1.3712499759542596
soft,,15,5.3546016095753854,0.976947263326731
soft,,16,7.669022284743403,4.872833913684627
soft,,17,4.640644133887447,1.5120123589397352
soft,,18,10.265228593987482,5.4323822354515965
soft,,19,3.570920539049085,3.6548642327125047
soft,,20,4.411661923427324,1.2548986255458834
soft,,21,3.368881354715034,0.89485222245307
soft,,22,5.028014717820121,2.041732935297832
soft,,23,3.3609062673968912,1.3333471361037017
soft,,24,4.232865189317213,2.048910704452325
soft,,25,4.647623446905968,1.4906839104259118
soft,,26,4.899698881995236,2.4045832561832925
soft,,27,6.468927364396127,2.472487797922754
soft,,28,5.9445097284922985,1.2707261408904518
soft,,29,3.9826700865133766,1.0919451872050863
soft,,30,5.507388088253032,1.652592330925913
soft,,31,3.6558714704374413,1.5056794906319853
soft,,32,3.9715147188469384,0.8633673420187511
soft,,33,4.108017329073467,1.5869965193576685
soft,,34,5.822806341034785,1.9151748855235518
soft,,35,6.682570983685001,3.8171320221586846
soft,,36,5.402464292700333,1.5047477855333913
soft,,37,4.609040221658846,1.5043398795570508
soft,,38,6.201359648352715,1.4386378354305063
soft,,39,6.436981211460106,1.4817801472295762
soft,,40,4.616096289195929,1.2432509272875654
soft,,41,6.006584843396828,4.38097292339212
soft,,42,4.583564768365372,1.7577029483267352
soft,,43,5.838833433407835,3.0008857478227635
soft,,44,4.654373639633629,1.4942794499722793
soft,,45,7.721837797924256,1.8012370879208768
soft,,46,3.868802578457975,0.975616639834497
soft,,47,2.1902318422481892,1.5411681522214313
soft,,48,4.754000290224991,1.9330278910968388
soft,,49,4.7154706584834525,2.0718368721016844
soft,,50,3.9384829300997137,1.0638632105126309
soft,,51,4.111966947715901,1.1506287069368806
soft,,52,6.642705743177899,3.3286447411808253
soft,,53,3.746097793371367,1.3653468173350676
soft,,54,4.105658757068986,1.2592933286485284
soft,,55,3.778212712487742,2.5041282815325667
soft,,56,4.496797784368465,1.8353065741513197
soft,,57,4.783014202822048,1.5398394294203601
soft,,58,4.692677923543424,1.6090245374790355
soft,,59,6.127822476988656,4.237736708170397
soft,,60,5.024292368782928,2.052981997139972
soft,,61,3.689378375466658,1.268634407949891
soft,,62,4.956587892070724,1.6001887171570022
soft,,63,3.623751883910908,1.0362607878224175
soft,,64,3.6077118163242137,1.6179800730697111
soft,,65,3.247440113492726,1.3619333735962127
soft,,66,5.302944887641491,1.326389690154474
soft,,67,3.823749122740227,1.1227906719697105
soft,,68,3.7559762356230944,1.0183331146360142
soft,,69,4.251588412738084,1.6631602692699547
soft,,70,4.05019704568746,0.9705685639963444
soft,,71,4.109603413521755,1.3610137524395196
soft,,72,8.510277967300118,3.3164867846635486
soft,,73,7.594154754157334,3.6207570160373432
soft,,74,3.6828173590358877,0.6574393687003244
soft,,75,5.419366926658474,2.070533494767715
soft,,76,3.97639724886691,0.7521188423176959
soft,,77,5.398904403580006,1.933058136588204
soft,,78,5.87106921502585,2.884828421669201
soft,,79,4.914549715056494,1.0678390490689185
soft,,80,3.834615330828173,0.9453156219649904
soft,,81,6.0395917295900405,3.54807921601206
soft,,82,4.104194928838043,0.9403257234772928
soft,,83,6.1142951222795805,1.8530148339594799
soft,,84,4.991427974363138,0.8441631325698323
soft,,85,6.087663351302759,1.1091010041862053
soft,,86,6.0197526880352195,5.157079934730444
soft,,87,4.188464388645023,2.472176323681739
soft,,88,3.4631875766762596,1.86722697997234
soft,,89,6.815670714601484,1.5246962252053455
soft,,90,4.761593393832934,1.4799811566455099
soft,,91,4.590166344436712,1.6476526037435586
soft,,92,4.043226334471822,1.10339593826999
soft,,93,5.813149219601423,1.2516866712863979
soft,,94,6.2575547693490705,2.890391079467562
soft,,95,4.868231017023185,2.186828517695972
soft,,96,5.451057178339264,2.6648647681852307
soft,,97,6.13231823584365,1.3143444096100272
soft,,98,4.520139795659796,1.31692565296885
soft,,99,5.527141468821566,1.519969693649635
ot,0.25,0,3.3727244541471673,0.7922029600865748
ot,0.25,1,3.7753385040605734,1.5993418502157075
ot,0.25,2,3.4107017818406575,1.2425994989302325
ot,0.25,3,4.4629898622587865,1.2852632772201307
ot,0.25,4,4.8924031596326225,2.340026497438743
ot,0.25,5,2.5767315678730665,0.9201482256510221
ot,0.25,6,5.783789478745481,0.9986925722772854
ot,0.25,7,4.275502313489192,2.118079308186446
ot,0.25,8,3.302313617782894,1.6218050712941365
ot,0.25,9,3.9953172303673106,0.9950964491850431
ot,0.25,10,5.698805132840224,2.243135504191674
ot,0.25,11,4.1254340978942325,1.4997180938723924
ot,0.25,12,4.64356643587382,1.2331783797746378
ot,0.25,13,4.161808014997381,1.2424054219941674
ot,0.25,14,4.3330796780497245,0.9251420152042245
ot,0.25,15,4.924906250090317,1.1347084420535418
ot,0.25,16,5.962316873132078,1.6665164861881137
ot,0.25,17,4.632899843402306,1.9242978522384298
ot,0.25,18,9.380518999219257,5.5564569242819495
ot,0.25,19,3.867341937521767,2.4743210420741786
ot,0.25,20,10.619907080287875,9.475563450567632
ot,0.25,21,2.9213362377018703,1.1629823185694148
ot,0.25,22,4.166121125959982,1.4007186285730011
ot,0.25,23,2.8690955989716964,0.8671779150281743
ot,0.25,24,4.569827061105382,1.4245624719406125
ot,0.25,25,3.06714900270387,1.499018887384892
ot,0.25,26,5.241270020863662,0.8804724829132281
ot,0.25,27,6.214668055880449,1.789908541828543
ot,0.25,28,6.390890804030609,1.1585101666823876
ot,0.25,29,3.837462000840084,1.3315074721483466
ot,0.25,30,4.652259159668289,1.6348033538967368
ot,0.25,31,5.245717735865748,1.2526027261046317
ot,0.25,32,3.5309245879080984,1.1908031902216816
ot,0.25,33,3.8120840828251263,1.3961201967582066
ot,0.25,34,5.455810709372006,1.794528179525153
ot,0.25,35,5.76610405817281,1.6169835264512542
ot,0.25,36,4.44744749451578,2.211170823524507
ot,0.25,37,4.265776490363639,1.555117412028098
ot,0.25,38,5.004376455068093,3.2247896788626367
ot,0.25,39,5.749575740315701,1.159940438577321
ot,0.25,40,4.851809749343591,1.103006519149991
ot,0.25,41,4.371873619349784,1.104047354847012
ot,0.25,42,5.254589169118363,2.424232023019478
ot,0.25,43,3.981464305210234,1.3409598139918446
ot,0.25,44,4.221129352753571,0.7835474807269306
ot,0.25,45,8.446998791263727,5.505397433797835
ot,0.25,46,3.2353214342042826,0.5059022901304072
ot,0.25,47,4.705865698052734,2.056791472191838
ot,0.25,48,4.3933128527393075,2.739348560441992
ot,0.25,49,4.442042615553373,2.3366158449503662
ot,0.25,50,4.414985360135539,1.0460308645277054
ot,0.25,51,4.384953179524285,1.1289878484663938
ot,0.25,52,6.030545758340665,1.2408330101559362
ot,0.25,53,3.6679406480816588,0.8330005132012822
ot,0.25,54,4.2185401684465145,0.8744850714805883
ot,0.25,55,4.478321139521251,1.3504670350629908
ot,0.25,56,3.5232079452826555,1.4075624075753328
ot,0.25,57,4.2958186361123145,1.3193986024444904
ot,0.25,58,4.970043589958164,0.9618824877080543
ot,0.25,59,4.922875902903422,0.9636114177926767
ot,0.25,60,4.5342239940117715,1.1304252761008204
ot,0.25,61,3.782782056594356,1.2447358140971756
ot,0.25,62,5.102146208140363,1.5135242266772035
ot,0.25,63,4.351275757220314,1.5685248295657632
ot,0.25,64,3.6156290915425595,0.9947949993429421
ot,0.25,65,3.9373227930686334,1.2279778238227188
ot,0.25,66,8.71078598759387,7.16774296010874
ot,0.25,67,3.229372268160244,0.9289756700602069
ot,0.25,68,3.992991898512428,1.018266878068235
ot,0.25,69,3.9725636256288968,1.432618614111333
ot,0.25,70,3.3174841584060903,1.367245811355842
ot,0.25,71,4.709013631020879,1.8324914745556016
ot,0.25,72,13.375341678411129,10.104590617897195
ot,0.25,73,8.62672692234625,4.8434369553193
ot,0.25,74,3.9803248172728676,1.2517533312390925
ot,0.25,75,6.646943636960402,1.6576478911365553
ot,0.25,76,3.419524004637148,0.7823020310348234
ot,0.25,77,5.00425599514305,1.2296838299382722
ot,0.25,78,5.1896619768668835,1.595583022011699
ot,0.25,79,5.011621199866799,1.449180734918492
ot,0.25,80,4.4675125014068575,1.1269139476389902
ot,0.25,81,3.8351970534443516,0.5903404775183032
ot,0.25,82,3.643066019264782,0.9860584206034763
ot,0.25,83,5.685055003350809,1.4728382800911577
ot,0.25,84,5.295421042105889,1.211498666506592
ot,0.25,85,5.861063881322303,1.638993703385952
ot,0.25,86,2.9833074810248377,0.748375224712017
ot,0.25,87,3.7207208056896057,0.8529576365949981
ot,0.25,88,3.882902641762808,2.3369745825508876
ot,0.25,89,8.46176169878667,4.760654904932568
ot,0.25,90,4.011693711876134,1.5197155048193127
ot,0.25,91,4.220809659502512,0.805129615637596
ot,0.25,92,5.0602101327971765,1.1641266873231997
ot,0.25,93,5.2117497835341595,1.8056054161202308
ot,0.25,94,5.093463823483625,2.5169790672384305
ot,0.25,95,3.0769177948920117,1.566242158112228
ot,0.25,96,5.126153502248976,1.2885625201005793
ot,0.25,97,5.619851714920768,0.9040725370998235
ot,0.25,98,4.71465273330986,1.240720807128487
ot,0.25,99,6.015387203958603,2.5179331196968153
ot,0.5,0,3.6737878651659273,1.089960238908349
ot,0.5,1,4.035122605089266,0.9725527964300986
ot,0.5,2,3.3057424381405864,1.8247541107937009
ot,0.5,3,3.87269424820269,1.716893083969662
ot,0.5,4,5.180538581524104,2.352998489329022
ot,0.5,5,2.772661629421039,0.9700096872441926
ot,0.5,6,5.551061634976921,1.2016365137894565
ot,0.5,7,3.3142793118680087,1.211502055141076
ot,0.5,8,3.210085396879391,1.8920134933103068
ot,0.5,9,3.812776533705096,1.2351452300524093
ot,0.5,10,5.433011186599504,2.7466224143511693
ot,0.5,11,3.8789670165095402,1.7854385767559438
ot,0.5,12,4.856170163969999,1.6864864275403855
ot,0.5,13,4.393561814390919,1.5878088105261445
ot,0.5,14,5.300795889103038,2.0169131439740045
ot,0.5,15,4.626568979068679,1.106602973954516
ot,0.5,16,6.172840746156733,1.8621911368977129
ot,0.5,17,4.384782221422894,1.60898980733399
ot,0.5,18,9.844180250549138,5.4184527386692665
ot,0.5,19,4.94071005476438,1.3252521051730328
ot,0.5,20,10.613458902490988,9.449117522959428
ot,0.5,21,2.940385558179082,1.1520221312427932
ot,0.5,22,4.076194711813247,1.601553551440373
ot,0.5,23,2.9598424864721613,0.9598987597225573
ot,0.5,24,4.513749521735983,1.1680092565640918
ot,0.5,25,3.1849767027656686,1.5487121970732896
ot,0.5,26,6.150794224382409,1.9126698828280035
ot,0.5,27,6.186821290364022,2.4291269179062462
ot,0.5,28,5.595990106916621,1.0548588672656543
ot,0.5,29,3.7419142175882163,1.442406499247815
ot,0.5,30,6.202868836911956,1.7068149106793704
ot,0.5,31,5.178502764928764,1.1170922669531171
ot,0.5,32,3.2744775824335055,1.4328894919893382
ot,0.5,33,4.02245000120097,1.6950631917524326
ot,0.5,34,8.224427871175527,6.6839662813107985
ot,0.5,35,6.349661843427327,1.9778255416372441
ot,0.5,36,4.6215837550475,2.4531300154119755
ot,0.5,37,6.788613188322569,5.2865348852784955
ot,0.5,38,5.9563991763050295,1.7403034694104735
ot,0.5,39,5.778727891511927,1.3890510402614045
ot,0.5,40,4.711064316705591,0.9316986698242241
ot,0.5,41,4.518149581148028,1.3855188984670521
ot,0.5,42,5.021390775299321,1.8381688337485744
ot,0.5,43,4.093110800604061,1.3376239774356973
ot,0.5,44,4.884530106589752,1.6589620314382882
ot,0.5,45,8.199644741767093,4.93104870142667
ot,0.5,46,3.874587924831046,1.7300528215891844
ot,0.5,47,3.1006216635133175,1.0023360771503877
ot,0.5,48,4.476340277436485,2.7547859146785343
ot,0.5,49,4.137916741876383,1.5701063965820432
ot,0.5,50,4.345901085230758,1.2764008578461548
ot,0.5,51,4.5590919264493905,1.3692892486822172
ot,0.5,52,5.784674534759428,1.2679005956129925
ot,0.5,53,3.782003205022607,1.0991081407320393
ot,0.5,54,4.2371710825454745,1.049610843830487
ot,0.5,55,4.1997839388473635,1.427711159827478
ot,0.5,56,3.353215454283336,1.4499497502224614
ot,0.5,57,4.336741254676584,1.386099502169936
ot,0.5,58,4.818685638579021,0.8086247144719435
ot,0.5,59,4.691992086867523,1.03335305088319
ot,0.5,60,4.7207098290392215,1.2033160445677085
ot,0.5,61,3.9428601834113164,1.312206365867866
ot,0.5,62,5.091496491933398,1.3327787379700209
ot,0.5,63,4.295617682801457,1.3069621469711523
ot,0.5,64,3.174329813715451,1.3778603939312042
ot,0.5,65,3.3646034142006886,1.0776088313908674
ot,0.5,66,4.758353552679045,1.1089241626336803
ot,0.5,67,3.2660099752120777,0.9140751721583392
ot,0.5,68,3.9081069341890813,1.1731124610656456
ot,0.5,69,3.650172052614633,1.5678219671746816
ot,0.5,70,3.317423351333047,1.9325649910083484
ot,0.5,71,4.5240202888455325,1.5773163859200963
ot,0.5,72,9.157894341375068,4.07258157841493
ot,0.5,73,8.680544215359554,5.147091261429971
ot,0.5,74,4.668357144629132,2.248172065744348
ot,0.5,75,6.980702604545686,1.9604084022644352
ot,0.5,76,2.400803460329886,1.9733915851616286
ot,0.5,77,5.162233713654628,1.399921259884892
ot,0.5,78,5.442938026255757,0.9938025224672586
ot,0.5,79,5.551600193098511,1.9615140697209121
ot,0.5,80,4.477408291019502,1.0091813270128025
ot,0.5,81,4.1416657182960686,1.6254229872623043
ot,0.5,82,3.880938408578648,0.7349711943421833
ot,0.5,83,5.7254416870856595,1.6739254006238882
ot,0.5,84,5.5548008074270045,1.7219518685147137
ot,0.5,85,6.435236760697057,1.417064435099927
ot,0.5,86,2.8223813959073056,0.9412164841843234
ot,0.5,87,3.594412141031792,1.5836771626412862
ot,0.5,88,3.7949579975404855,2.422060220709421
ot,0.5,89,8.55070529514924,4.8779591524474135
ot,0.5,90,3.4815094846402057,2.0816634883796428
ot,0.5,91,4.355763859623505,1.0477514914932535
ot,0.5,92,4.9601692044784045,1.0555722715202123
ot,0.5,93,5.155207591831364,1.7725759908678982
ot,0.5,94,5.054227609642421,2.349078253447229
ot,0.5,95,3.1800335038131142,1.6241851079363894
ot,0.5,96,4.768542935997681,1.6370873756570978
ot,0.5,97,4.965768756003568,0.8716177420009208
ot,0.5,98,5.2118264897589945,1.5472554130153096
ot,0.5,99,5.363185432168879,1.4867376284915619
ot,1.0,0,3.3923636990539903,1.2256221265812701
ot,1.0,1,3.6099395795238234,2.094015983490017
ot,1.0,2,3.6533334906362094,2.461156035124081
ot,1.0,3,8.273706780934193,7.042277297069085
ot,1.0,4,5.949484554799472,2.3087645647235138
ot,1.0,5,2.752932105346084,1.4991800595791145
ot,1.0,6,9.172708300009889,5.989423907145198
ot,1.0,7,7.701648281206502,7.217123328529337
ot,1.0,8,3.402513875335735,2.2025138199588863
ot,1.0,9,3.945369431076088,2.461634530140558
ot,1.0,10,4.466227400606778,1.5248656034722652
ot,1.0,11,3.871717214399193,1.3356105189250262
ot,1.0,12,5.485487588624339,2.3209630303529947
ot,1.0,13,6.731591941435437,5.298499512003228
ot,1.0,14,4.99776564161951,1.8415163889517492
ot,1.0,15,4.965488030912602,1.4852608280101862
ot,1.0,16,6.386609821837339,2.2023370091938315
ot,1.0,17,4.2574483978914675,1.6582178084150123
ot,1.0,18,12.266882733311768,8.541962405805222
ot,1.0,19,8.496750187127232,7.303736751283375
ot,1.0,20,10.45686278348253,9.37692001795788
ot,1.0,21,2.737267724539497,1.1889281336963045
ot,1.0,22,3.6968391424048748,1.5933906896209058
ot,1.0,23,3.065427351252193,1.071589189557221
ot,1.0,24,7.280607100844413,5.320167464488303
ot,1.0,25,4.7030396868578626,1.353286405521422
ot,1.0,26,5.934330059104925,2.6687453291380976
ot,1.0,27,5.618608620007531,1.392804995462536
ot,1.0,28,6.558931014929328,2.2191348313997707
ot,1.0,29,3.61820370931235,1.5969561544527524
ot,1.0,30,5.458030038896171,2.0284253761651363
ot,1.0,31,8.411413052589749,6.499494338638927
ot,1.0,32,3.257245131557952,1.9307928981465936
ot,1.0,33,4.682149646384932,2.2913903844022094
ot,1.0,34,8.396133882245387,6.604591650639334
ot,1.0,35,6.535645788468857,2.3511782013188234
ot,1.0,36,4.992494666204624,3.0472636326944538
ot,1.0,37,4.193230624358417,1.6237983440050605
ot,1.0,38,4.9621382742216475,3.279459019358589
ot,1.0,39,5.817991080249834,1.8887706658883638
ot,1.0,40,5.025819690024387,1.556149023351368
ot,1.0,41,4.567584368598441,1.3348403991418585
ot,1.0,42,4.768175356016498,1.5153649401251061
ot,1.0,43,9.414328579161408,7.86675367177451
ot,1.0,44,4.408856810061933,1.2530351986371995
ot,1.0,45,10.805932853428086,7.810753836201699
ot,1.0,46,3.391304049035063,1.2057321586676646
ot,1.0,47,3.627295026079719,1.0419781054888329
ot,1.0,48,4.204461834778321,3.193905616394432
ot,1.0,49,4.140431623899429,1.9418968834595547
ot,1.0,50,4.727919944684924,2.1849258669159664
ot,1.0,51,4.649578532830836,1.6650065034938784
ot,1.0,52,6.2840857629352955,1.5593507095534096
ot,1.0,53,3.2707774495086666,0.9870631956341878
ot,1.0,54,4.1547332293127885,1.4820701922584505
ot,1.0,55,3.8863007164595014,0.9782083681364435
ot,1.0,56,3.014834278527333,1.710631880485133
ot,1.0,57,4.501016890643663,1.7643402779370265
ot,1.0,58,4.903004812630986,2.1607658463440442
ot,1.0,59,4.659974528247229,1.4577379199106606
ot,1.0,60,5.029695119618047,1.8249168913754719
ot,1.0,61,6.870965362312696,5.468696430501522
ot,1.0,62,5.522179515906054,2.0610049456593633
ot,1.0,63,4.769224685155876,2.0023490890150377
ot,1.0,64,3.532463518186673,1.0377369809244814
ot,1.0,65,3.637989915521724,1.0633487269073902
ot,1.0,66,4.5866617562954834,1.1316299086838089
ot,1.0,67,3.1691779769040775,0.9769826275005591
ot,1.0,68,3.722612279200129,1.4470323704296775
ot,1.0,69,6.810909440134078,5.5664485167778395
ot,1.0,70,3.439277472733258,1.5566008573229926
ot,1.0,71,4.066710388472404,1.3662797111858345
ot,1.0,72,8.307176677482843,3.326952200789903
ot,1.0,73,8.742368813048389,5.361060805840564
ot,1.0,74,4.89885916460825,2.4530491112915533
ot,1.0,75,7.2076458247789645,2.2207925214357327
ot,1.0,76,2.0992360484828936,2.470737100628465
ot,1.0,77,4.582692069956228,1.9989299914428447
ot,1.0,78,7.493145100543498,5.90839669770192
ot,1.0,79,4.8607090435377796,1.663282563895271
ot,1.0,80,4.446030123219752,0.6711248192125724
ot,1.0,81,5.71296541451642,4.0925141403933125
ot,1.0,82,4.138670789390553,0.9150563587638665
ot,1.0,83,5.115323652973019,1.6322797865083198
ot,1.0,84,5.755322424413566,2.542431850905681
ot,1.0,85,6.97506955500623,2.8059792346265864
ot,1.0,86,2.9781334161474504,1.2119814963706426
ot,1.0,87,4.064025941770216,1.6668711948517738
ot,1.0,88,6.566447387620165,5.319712711495227
ot,1.0,89,5.085233200141553,4.596094124366472
ot,1.0,90,3.90956730598066,1.7727888928094508
ot,1.0,91,4.003694832940763,0.8951524117095245
ot,1.0,92,5.398413217528403,1.563077990232001
ot,1.0,93,7.472374807336231,5.154242616713483
ot,1.0,94,5.411725534846907,2.2126722327228316
ot,1.0,95,3.4702807470708357,1.2275892380850286
ot,1.0,96,5.167428746470899,2.6041442201389917
ot,1.0,97,6.0942207891735825,1.600311035011708
ot,1.0,98,5.39493193736622,1.9884896153024567
ot,1.0,99,5.432331228240629,2.036711039244749
reference,,0,3.3012650905456358,0.0
reference,,1,4.192226516092726,0.0
reference,,2,3.8454542793502102,0.0
reference,,3,4.504607545222298,0.0
reference,,4,5.574437323285712,0.0
reference,,5,2.8349942528899112,0.0
reference,,6,5.890697810052768,0.0
reference,,7,3.4414200403303132,0.0
reference,,8,3.938922910081472,0.0
reference,,9,3.8546717852245336,0.0
reference,,10,4.595727637619498,0.0
reference,,11,3.4369685798189074,0.0
reference,,12,4.475450447171263,0.0
reference,,13,3.709524123895053,0.0
reference,,14,4.503384695174354,0.0
reference,,15,5.186302674052104,0.0
reference,,16,5.6884907881528,0.0
reference,,17,3.989614939602385,0.0
reference,,18,8.28101745867069,0.0
reference,,19,5.350076255086929,0.0
reference,,20,4.0882993767422775,0.0
reference,,21,3.112690161659988,0.0
reference,,22,4.072760035107701,0.0
reference,,23,2.902780645231451,0.0
reference,,24,4.141253400005768,0.0
reference,,25,4.117499339828862,0.0
reference,,26,5.278107598169203,0.0
reference,,27,5.794885639753849,0.0
reference,,28,5.7023508714631985,0.0
reference,,29,3.895578687275413,0.0
reference,,30,5.629204676440745,0.0
reference,,31,4.796988120817216,0.0
reference,,32,3.8783537666512036,0.0
reference,,33,3.5612978842078635,0.0
reference,,34,4.892757953355308,0.0
reference,,35,5.665504171904322,0.0
reference,,36,4.395870235280094,0.0
reference,,37,4.10579676295542,0.0
reference,,38,5.8302776975352,0.0
reference,,39,5.90773425723753,0.0
reference,,40,4.8811981353339755,0.0
reference,,41,4.513277148857009,0.0
reference,,42,4.049511319152714,0.0
reference,,43,3.9726641832575966,0.0
reference,,44,4.0975421663539775,0.0
reference,,45,7.513668252009828,0.0
reference,,46,3.3938222189069154,0.0
reference,,47,3.266079099801548,0.0
reference,,48,4.386594871348109,0.0
reference,,49,3.7306129716595144,0.0
reference,,50,3.8359380231932128,0.0
reference,,51,4.167306359617023,0.0
reference,,52,6.117700299982389,0.0
reference,,53,3.414196905557153,0.0
reference,,54,4.010621634457446,0.0
reference,,55,3.786776531216581,0.0
reference,,56,3.6729003638660895,0.0
reference,,57,4.332603138034354,0.0
reference,,58,4.777355053874419,0.0
reference,,59,4.649241054801607,0.0
reference,,60,4.3163840819189145,0.0
reference,,61,3.4510067755512197,0.0
reference,,62,4.331853431840867,0.0
reference,,63,3.912505921374114,0.0
reference,,64,3.568101619168417,0.0
reference,,65,3.43367783250304,0.0
reference,,66,4.903326388127272,0.0
reference,,67,3.275499012346685,0.0
reference,,68,3.4837737389797097,0.0
reference,,69,3.829163030488893,0.0
reference,,70,3.975495047176449,0.0
reference,,71,3.8348598838399153,0.0
reference,,72,7.783892011718494,0.0
reference,,73,6.290989361644448,0.0
reference,,74,3.7776430301965287,0.0
reference,,75,5.622617568234544,0.0
reference,,76,3.8451597009926495,0.0
reference,,77,5.096581883565426,0.0
reference,,78,5.3858566429952015,0.0
reference,,79,4.618820522554505,0.0
reference,,80,4.46137863155585,0.0
reference,,81,3.8368550403349833,0.0
reference,,82,4.101882216363652,0.0
reference,,83,4.87558877772923,0.0
reference,,84,4.640067445247773,0.0
reference,,85,5.87079607266755,0.0
reference,,86,2.8788903935527417,0.0
reference,,87,4.031840614145814,0.0
reference,,88,3.229132583674378,0.0
reference,,89,6.630160895911537,0.0
reference,,90,4.45822441346832,0.0
reference,,91,4.238685725013757,0.0
reference,,92,4.410070109500039,0.0
reference,,93,5.578203108163649,0.0
reference,,94,5.519536048606035,0.0
reference,,95,3.413755915566765,0.0
reference,,96,4.3932348859637615,0.0
reference,,97,5.374217927677662,0.0
reference,,98,4.860864735753294,0.0
reference,,99,4.986088874688196,0.0
