method,eps,label,n_particles,seeds,loglik_bias,loglik_sd,score_bias_1,score_bias_2,score_bias_se_1,score_bias_se_2,score_bias_norm,score_bias_norm_se,score_bias_p,score_sd,score_sd_se,score_rmse,seconds_per_run
multinomial,,Multinomial,25,100,-24.621652862171516,8.967061180194749,-37.45645843859848,-0.2844105259627409,5.965949037875335,1.6089505969939104,37.45753820140525,5.925582330772469,2.7131409140780493e-09,61.79099444586783,4.43333791334346,71.99314476235158,0.002817384590161949
ot,0.25,"OT, eps=0.25",25,100,-25.858852580276334,9.028406989795316,-9.99270835662056,-4.7940678286821905,5.835808709520636,5.375185799605934,11.083199296524445,5.397100641397047,0.1594758576644864,79.3405858778483,10.64072965765576,79.7171034873464,0.8133332504201098
ot,0.5,"OT, eps=0.5",25,100,-26.127074858395417,9.168145477206217,-13.812420663454102,-0.3369022379893491,3.72042097391362,2.15187189231835,13.816528786282612,3.6166287000726,0.0005436946596016832,42.97916339819346,4.275471579838741,44.94032564686978,0.3221261904199492
ot,1.0,"OT, eps=1",25,100,-26.426936848724893,9.25982553973217,-15.528077169095925,-2.340109125155864,3.4553791023641347,1.4191756168281295,15.703416548224014,3.299408508594653,1.066184169963765e-06,37.354657236353106,3.6626162725720683,40.348655545879204,0.11436129251029335
soft,,Soft (alpha=0.5),25,100,-44.18197109246995,12.259618740249243,-51.184152414818435,-5.350408934168206,7.729672835905902,2.2573292379061263,51.46303852461678,7.6122869334203305,1.4438026954781344e-11,80.52538571062385,4.675122888124992,95.22572499378772,0.0037986312399151995
multinomial,,Multinomial,50,100,-11.26887184658085,5.7144087828706525,-28.87688386301149,-3.1108940819965842,3.708120325934771,1.0794536895205762,29.043968110904796,3.535557852179488,1.0756532522268297e-16,38.620430628658426,2.32419237664776,48.16818835030899,0.003620827919512499
ot,0.25,"OT, eps=0.25",50,100,-10.771830002769889,5.8861950146426665,-2.292924799201071,-2.542136595548889,3.2672118072054905,1.166792925889288,3.4234430921544714,1.951482496048049,0.06575803550537579,34.69305222238057,2.8995408773868574,34.688496023681935,1.2534603979196979
ot,0.5,"OT, eps=0.5",50,100,-10.867977083354788,5.859299371678144,-5.249285080916775,-2.525794541912727,2.303354974697559,0.9388240392195148,5.8253439322233636,1.8555136866754112,0.00020859061523169863,24.873348620723423,1.9638833381974679,25.42501266117,0.6841516620901531
ot,1.0,"OT, eps=1",50,100,-11.11561189636484,5.908815264486972,-5.571375771971395,-1.8864678810110078,1.9360200223726003,0.8145346926138934,5.882090534716039,1.7052342281674542,0.0002397607246670755,21.003905095241727,1.538879190893798,21.710628227115357,0.28985508874990046
soft,,Soft (alpha=0.5),50,100,-19.99373522696783,7.7895733175229775,-31.493060060850148,-3.3879644441627783,5.394012512983972,1.4839983050461976,31.674771271016716,5.295883968949771,2.486959661615026e-10,55.944277597988204,3.215402787650359,64.04495069146657,0.007190379580133548
multinomial,,Multinomial,100,100,-5.964876638006444,3.3112053666301713,-24.77495066170408,-1.1716708759670647,2.816383386305049,0.6332661298786484,24.802640845915192,2.725162366038219,3.857918341398484e-19,28.867007759562775,2.0771317670656333,37.949204056899696,0.009236749580013496
ot,0.25,"OT, eps=0.25",100,100,-5.5267753620091185,3.725412108191472,-1.927396802897984,0.4961664029378683,1.4185463606000277,0.632232497783826,1.9902360501271383,1.180703924376544,0.333228502991466,15.530588232341875,0.9942233624365243,15.580379285157216,3.3363699416597954
ot,0.5,"OT, eps=0.5",100,100,-5.641881486130671,3.774172025363242,-2.330695025911445,0.5350952578513333,1.3057356839404917,0.5611356079762129,2.3913314782320194,1.1657295878223202,0.14428588658606634,14.212033094720748,0.7636085451448301,14.341566583792956,1.1970863783298407
ot,1.0,"OT, eps=1",100,100,-5.786707174425544,3.820228895132028,-3.0315107531512204,0.7886972137056302,1.274852147952856,0.5223353259365793,3.1324272922732788,1.2028345771976152,0.019929076075885652,13.777090374463265,0.8524973318306195,14.061373963295534,0.6358712833299072
soft,,Soft (alpha=0.5),100,100,-9.621335395897631,5.066471816964711,-20.26190642678929,-1.4219963227413683,3.7125694906610085,0.9743279369754685,20.311743538895307,3.6285896544001375,3.405679140960264e-08,38.38292218130065,2.929617489930635,43.25601869814047,0.011789372089842749
