n_particles,eps_small,eps_large,bias_norm_diff,bias_norm_diff_se,sd_diff,sd_diff_se,bias_norm_diff_z,sd_diff_z
25,0.25,0.5,-2.7333294897581677,5.03214802403052,36.36142247965484,10.684140337351506,-0.5431735069607304,3.4033082055779587
25,0.25,1.0,-4.620217251699575,5.293332065082158,41.98592864149519,10.970059845000861,-0.8728372214124195,3.8273199266664433
25,0.5,1.0,-1.8868877619414075,1.691727410288911,5.624506161840351,2.8865052161983495,-1.1153615827618275,1.9485522251188119
50,0.25,0.5,-2.4019008400688917,1.5782098555161115,9.81970360165715,2.153116625930113,-1.5219147388250303,4.560692850260812
50,0.25,1.0,-2.4586474425615683,1.8374414848787475,13.689147127138845,2.2087384498055127,-1.3380820356974874,6.197722110711761
50,0.5,1.0,-0.0567466024926766,1.0407685807382938,3.869443525481696,0.8371986145245461,-0.05452374672227524,4.621894325134775
100,0.25,0.5,-0.40109542810488574,0.6468010528395788,1.3185551376211269,0.7822245185916201,-0.6201217922327137,1.6856479262439377
100,0.25,1.0,-1.1421912421461464,0.917747504951219,1.7534978578786102,1.011983101789824,-1.244559354271257,1.732734326074537
100,0.5,1.0,-0.7410958140412607,0.46775875375696424,0.4349427202574834,0.43916363110127854,-1.5843547728158938,0.9903887513790464
